"node","file","sha256"
"252:2718","252-2718.png","314993a47969581662fe7ae5f40cadb126abd36451d887bd1a5c950f780cbb06"
"252:3210","252-3210.png","ea3d6aded841f71e6c970dcfebe538b6cb7c6c728cc8b9cd7d986502832c674f"
"252:3220","252-3220.png","46442359c48d528038fc2c89830d29dff95791b66681e1612a9cd838c3c988f8"
"252:3230","252-3230.png","1842fc081f4d5b4daad788bc37d997cfde853a749a58f9879a0d28132a0641a2"
"252:3240","252-3240.png","6a77b10b6047971b0e9af76e35932ae3e4b283341a1343a3e424ae25289c8923"
"252:5549","252-5549.png","0a0b8fd3d34f328191d2a9754b36a6d23defbc7ea3fab7d7ae040feac1fd9895"
"252:5562","252-5562.png","73f79c049f04fdeae171f664b0c30653b60aded07a1a3c083997bb9c46ac7853"
"252:5582","252-5582.png","1ff65ff7b6d06f4a69c78f1f8060625ac3bdbd45bc6f718b9a56ae76360704c1"
"252:5618","252-5618.png","86b6fea98e2cc21f9d7a632aee1ab64b9fe37e40d1d5ee36659d23538f1fec71"
"252:5631","252-5631.png","4694f710082f51d225531c8a9031f437f49c2e0e27178e96439cb6c7c77f072e"
"252:5644","252-5644.png","dbf2bb671c3eeacec0c39193e474845139b1ed9fbb65cc69b928a92a14a2abff"
"252:5657","252-5657.png","d9a51169d7a766920e791738f5bbc101c2f79155a7e6b99a9d32fdcb2ab9abdd"
"252:5670","252-5670.png","4a1242886500f6ea78b3667ad4640215be2f326571af144ba2f13df6a69e092d"
"252:5687","252-5687.png","19a229442a42c47389a43586e5efa7c05c2b4351a34b23fb9fcad4b7d30cdaef"
"252:5704","252-5704.png","b4e0239df89683f966789eb614ee01c617d9b869102f5017918b6127729c1382"
"252:5721","252-5721.png","326c4e3540685a43a4cfc309b9455c1b7865049ea45847c2b8f1528b449b1d48"
"252:5733","252-5733.png","1f1de156ce56599ee1351f3794d6ba0c3ab5ebfdde5b625e01716ecdbc48aeb5"
"252:5744","252-5744.png","1d0954b1b6c8ca60843873b49f99e1cf4f33fc600429971010cda5fe62f28961"
"252:5950","252-5950.png","ac22fd0898b092cc872349e81d4fce1fa163387e199c77908de1162e3dba3ec3"
"252:6024","252-6024.png","07842c0cd72f9e89eda955c20a6dcf09086c0ae0df62a523e3f50101080dfecb"
"252:6097","252-6097.png","0d9630aadf69550c8df06d223422930b92548f9b877cc297631b31dac3df2c9b"
"252:6142","252-6142.png","66a077b313370e682c85b947ae5e9627d767c15e16257041769cd7f875545fbc"
"252:6155","252-6155.png","60edb7aa35cd0d8754391bde637615535e920832b7a4e3bfaa2a6a27df479e47"
"252:6168","252-6168.png","bc16f2bcb24e40a118a954c794f0742f003d9f0f5da39493e0604262cbb32d6f"
"252:6240","252-6240.png","be041d578a7477409cc85e699fc585d7cb8f9055da5577fd1d89f9cafdc63494"
"252:6260","252-6260.png","bd6428a71e2d12ab9dc69af7e206fe97af18a427c67f051659b34d33bbd55530"
"252:6332","252-6332.png","a3d376354d52fc240c6412f3fc4510ea55fd8cbc71b8968b27ebcc661a971664"
"252:6345","252-6345.png","f60ecf1bf67d72597892a263a099241eff0dae87f6f3666d98414f0c0d209e58"
"252:6358","252-6358.png","bbf749a2b436e298d9d0f518b26671b4973aa89863d00710afb22ced785ccbb9"
"252:6373","252-6373.png","29d6b3d3bc0ceaf7698efd2a4d7b018b2c725fdcfd994bcd072c37ced1937993"
"252:6560","252-6560.png","8a8c4c6bd9bb27fcbe10d3a4f195db4cc6f93b498396bd50f458e27825fec278"
"252:6636","252-6636.png","24c070eff90128acfed07507317bac47b9bde40259b71c75010cacf67b7e1ee4"
"252:6712","252-6712.png","d66c2e4ad227cc4edf06e9e531e62476f19615c6f041e3441c5eaaac845ed837"
"252:6787","252-6787.png","66612d71313fd7c64ba7c6b10390bb1155830c8d223f7e5f414aa2c4c9c0079b"
"252:6863","252-6863.png","c97aa7662add639991a82e0f695e98e7f9f166b9d37d59adcc11d2675c1f31cd"
"252:6942","252-6942.png","28ced4138105d49051b43347794cd4b386b39090a82d61c2694df64fba0f559a"
"252:7022","252-7022.png","77b21d5bf17e516c5f6e0b7504a3969ca34467bf98fcff4b07ccb2df44bf8596"
"252:7098","252-7098.png","dd8a99822359f848d14525d2b0aa5e933a9f29e646fef18db785a3460546fc17"
"252:7173","252-7173.png","801f7e82a3487dec331a35ce64ff9292d996d9d5d04e2b0ef7ad0ab874b8d77b"
"252:7246","252-7246.png","f3206689c63fff6993812520f519e18d5ca13a4dd44fec0e8c1def3dc6896abb"
"252:7321","252-7321.png","97308f0580a7c79ebc0fbbb33ea9557a9f00816f2a397b96acc53871bff4b3b4"
"252:7397","252-7397.png","4bdb8aea6a4cea04662922ae1e1c385ebbe8eefb5c6a83b0607e69c673d51383"
"252:7473","252-7473.png","93952f4e420419904dd3c587db237db9e8355c16434103cde339411f44b9a4ec"
"252:7549","252-7549.png","af357eb281f887fa52000942bd632c988d696132f48417e529fe94ed7099505b"
"252:7630","252-7630.png","faab623b2a4267ce723faf028913a002cbda223fb22ac1cae0ca0473b0cf6478"
"252:3250","252-3250.png","6455e2d09063dcec506c35b4727604102dcc07dba6391a2b4dd884eea7a8f280"
